dim1,dim2,Jan,Feb,Mar,Apr,May,Jun,Jul,Aug,Sep,Oct,Nov,Dec,Full Year
:measureComment is ''
"Executive Salaries","Budget",2000.0000000,2000.0000000,2000.0000000,2000.0000000,2000.0000000,2000.0000000,2000.0000000,2000.0000000,2000.0000000,2000.0000000,2000.0000000,2000.0000000,24000.0000000
"HO Overheads","Budget",5000.0000000,5000.0000000,5000.0000000,5000.0000000,5000.0000000,5000.0000000,5000.0000000,5000.0000000,5000.0000000,5000.0000000,5000.0000000,5000.0000000,60000.0000000
"Rental","Budget",3000.0000000,3000.0000000,3000.0000000,3000.0000000,3000.0000000,3000.0000000,3000.0000000,3000.0000000,3000.0000000,3000.0000000,3000.0000000,3000.0000000,36000.0000000
"Administration","Budget",1000.0000000,1000.0000000,1000.0000000,1000.0000000,1000.0000000,1000.0000000,1000.0000000,1000.0000000,1000.0000000,1000.0000000,1000.0000000,1000.0000000,12000.0000000
"Utilities","Budget",1000.0000000,1000.0000000,1000.0000000,1000.0000000,1000.0000000,1000.0000000,1000.0000000,1000.0000000,1000.0000000,1000.0000000,1000.0000000,1000.0000000,12000.0000000
"Other HO Costs","Budget",5000.0000000,5000.0000000,5000.0000000,5000.0000000,5000.0000000,5000.0000000,5000.0000000,5000.0000000,5000.0000000,5000.0000000,5000.0000000,5000.0000000,60000.0000000
"Total HO Overheads","Budget",12000.0000000,12000.0000000,12000.0000000,12000.0000000,12000.0000000,12000.0000000,12000.0000000,12000.0000000,12000.0000000,12000.0000000,12000.0000000,12000.0000000,144000.0000000
